,K,SNR,ML Results
0,10,22.0,0.0018382813435183444
1,20,22.0,0.0001480086301143135
2,30,22.0,0.00010258914474156781
3,40,22.0,7.625874785539916e-05
4,50,22.0,6.102551517030261e-05
5,60,22.0,5.0129109269313135e-05
6,70,22.0,4.452071005015891e-05
7,80,22.0,3.4542389218412765e-05
8,90,22.0,3.389578311163654e-05
9,100,22.0,3.07544635730271e-05
10,10,27.0,8.634276474535098e-05
11,20,27.0,4.3819668612239516e-05
12,30,27.0,2.9253440471348424e-05
13,40,27.0,2.3148565281013638e-05
14,50,27.0,1.711498062718872e-05
15,60,27.0,1.4742453721944236e-05
16,70,27.0,1.2074406228775063e-05
17,80,27.0,1.144071815135314e-05
18,90,27.0,1.007275276836867e-05
19,100,27.0,8.802403929119405e-06
